username,password,about,lastName
﻿Tea3000,Tea3000,Institute: Viện Cơ khí Động lực,Bạc Sáng Tuấn
Tea2999,Tea2999,Institute: Viện Toán ứng dụng và Tin học,Khúc Thiệu Quỷ
Tea2998,Tea2998,Institute: Viện Sư phạm Kỹ thuật,Trịnh Thành Cương
Tea2997,Tea2997,Institute: Viện Ngoại ngữ,Chử Nhẫn Đỗ
Tea2996,Tea2996,Institute: Viện Khoa học và Kỹ thuật Vật liệu,Bảo Cường Huynh
Tea2995,Tea2995,Institute: Viện Kinh tế & Quản lý,Chu Hiển Thi
Tea2994,Tea2994,Institute: Viện Điện tử - Viễn thông,Lưu Triệu Lệ
Tea2993,Tea2993,Institute: Viện Điện,Quách Định Hân
Tea2992,Tea2992,Institute: Viện Kỹ thuật Hoá học,Dã Tế Phương
Tea2991,Tea2991,Institute: Viện Công nghệ Thông tin và Truyền thông,Tạ Lan Trúc
Tea2990,Tea2990,Institute: Viện Dệt may - Da giầy và Thời trang,Nhữ Hoài Thương
Tea2989,Tea2989,Institute: Viện cơ khí,Cam Hồng Chiến
Tea2988,Tea2988,Institute: Viện Vật lý kỹ thuật,Hoa Cường Tuất
Tea2987,Tea2987,Institute: Viện Khoa học và Công nghệ Nhiệt Lạnh,Tào Thành Ân
Tea2986,Tea2986,Institute: Viện Khoa học và Công nghệ Môi trường,Lưu Phù Khắc
Tea2985,Tea2985,Institute: Viện Kỹ thuật Hạt nhân và Vật lý Môi trường,An Tiên Doanh
Tea2984,Tea2984,Institute: Viện Đào tạo liên tục,Ấu Ly Thùy
Tea2983,Tea2983,Institute: Viện Công nghệ Sinh học và công nghệ Thực phẩm,Cung Nhật Vạn
Tea2982,Tea2982,Institute: Viện Cơ khí Động lực,Ngụy Bằng Thùy
Tea2981,Tea2981,Institute: Viện Toán ứng dụng và Tin học,Dư Chành Tùng
Tea2980,Tea2980,Institute: Viện Sư phạm Kỹ thuật,Nhâm Đăng Tây
Tea2979,Tea2979,Institute: Viện Ngoại ngữ,Bá Mỹ – Mĩ Đinh
Tea2978,Tea2978,Institute: Viện Khoa học và Kỹ thuật Vật liệu,Trình Trung Hóa
Tea2977,Tea2977,Institute: Viện Kinh tế & Quản lý,Khưu Khôi Nga
Tea2976,Tea2976,Institute: Viện Điện tử - Viễn thông,Yên Hằng Chính
Tea2975,Tea2975,Institute: Viện Điện,Cầm Khuê Lành
Tea2974,Tea2974,Institute: Viện Kỹ thuật Hoá học,Dư Hoa Bằng
Tea2973,Tea2973,Institute: Viện Công nghệ Thông tin và Truyền thông,Giang Chân Quân
Tea2972,Tea2972,Institute: Viện Dệt may - Da giầy và Thời trang,Khúc Từ Thạnh
Tea2971,Tea2971,Institute: Viện cơ khí,Lư Vạn Thoa
Tea2970,Tea2970,Institute: Viện Vật lý kỹ thuật,Mã Hào Quyền
Tea2969,Tea2969,Institute: Viện Khoa học và Công nghệ Nhiệt Lạnh,Lã Khiêm Hường
Tea2968,Tea2968,Institute: Viện Khoa học và Công nghệ Môi trường,Quách Lưu Điểm
Tea2967,Tea2967,Institute: Viện Kỹ thuật Hạt nhân và Vật lý Môi trường,Lã Bến Khiêm
Tea2966,Tea2966,Institute: Viện Đào tạo liên tục,Thôi Tân Lãnh
Tea2965,Tea2965,Institute: Viện Công nghệ Sinh học và công nghệ Thực phẩm,Nhậm Năm Tuân
Tea2964,Tea2964,Institute: Viện Cơ khí Động lực,Phó Dung Chung
Tea2963,Tea2963,Institute: Viện Toán ứng dụng và Tin học,Giả Khoa Đăng
Tea2962,Tea2962,Institute: Viện Sư phạm Kỹ thuật,Yên Đà Thổ
Tea2961,Tea2961,Institute: Viện Ngoại ngữ,Bàng Công Trang
Tea2960,Tea2960,Institute: Viện Khoa học và Kỹ thuật Vật liệu,Điền Nam Thắng
Tea2959,Tea2959,Institute: Viện Kinh tế & Quản lý,Bạc Đăng Tôn
Tea2958,Tea2958,Institute: Viện Điện tử - Viễn thông,Ánh Tiên Tân
Tea2957,Tea2957,Institute: Viện Điện,Âu Thiêm Tuyết
Tea2956,Tea2956,Institute: Viện Kỹ thuật Hoá học,Khúc Sinh Dung
Tea2955,Tea2955,Institute: Viện Công nghệ Thông tin và Truyền thông,Hình Thăng Nhạn
Tea2954,Tea2954,Institute: Viện Dệt may - Da giầy và Thời trang,Bạc Khái Hải
Tea2953,Tea2953,Institute: Viện cơ khí,Vương Khuê Miên
Tea2952,Tea2952,Institute: Viện Vật lý kỹ thuật,Đồng Đình Đình
Tea2951,Tea2951,Institute: Viện Khoa học và Công nghệ Nhiệt Lạnh,Chử Chinh Diệu
Tea2950,Tea2950,Institute: Viện Khoa học và Công nghệ Môi trường,Bá Giang Trương
Tea2949,Tea2949,Institute: Viện Kỹ thuật Hạt nhân và Vật lý Môi trường,Đậu Nhanh Trường
Tea2948,Tea2948,Institute: Viện Đào tạo liên tục,Thế Luyện Hằng
Tea2947,Tea2947,Institute: Viện Công nghệ Sinh học và công nghệ Thực phẩm,Giang Tuyền Khánh
Tea2946,Tea2946,Institute: Viện Cơ khí Động lực,Lã Nhung Chỉnh
Tea2945,Tea2945,Institute: Viện Toán ứng dụng và Tin học,Từ Lãnh Huệ
Tea2944,Tea2944,Institute: Viện Sư phạm Kỹ thuật,Lạc Hưng Ngân
Tea2943,Tea2943,Institute: Viện Ngoại ngữ,Lữ Tuất Điệp
Tea2942,Tea2942,Institute: Viện Khoa học và Kỹ thuật Vật liệu,Nhữ Ung Khoa
Tea2941,Tea2941,Institute: Viện Kinh tế & Quản lý,Ân Hân Đạm
Tea2940,Tea2940,Institute: Viện Điện tử - Viễn thông,Chiêm Khắc Sơn
Tea2939,Tea2939,Institute: Viện Điện,Bửu Mã Giang
Tea2938,Tea2938,Institute: Viện Kỹ thuật Hoá học,Thân Khải Dưỡng
Tea2937,Tea2937,Institute: Viện Công nghệ Thông tin và Truyền thông,Đậu Nguyên Khắc
Tea2936,Tea2936,Institute: Viện Dệt may - Da giầy và Thời trang,Tòng Đường Tiểu
Tea2935,Tea2935,Institute: Viện cơ khí,Biện Bá Vang
Tea2934,Tea2934,Institute: Viện Vật lý kỹ thuật,Mã Công Phong
Tea2933,Tea2933,Institute: Viện Khoa học và Công nghệ Nhiệt Lạnh,Lại Mã Dưỡng
Tea2932,Tea2932,Institute: Viện Khoa học và Công nghệ Môi trường,Phương Đậu Mơ
Tea2931,Tea2931,Institute: Viện Kỹ thuật Hạt nhân và Vật lý Môi trường,Vi Thy Nghiêm
Tea2930,Tea2930,Institute: Viện Đào tạo liên tục,Dư Trinh Hạnh 2
Tea2929,Tea2929,Institute: Viện Công nghệ Sinh học và công nghệ Thực phẩm,Cái Tăng Thiệu
Tea2928,Tea2928,Institute: Viện Cơ khí Động lực,Mã Danh Truyền
Tea2927,Tea2927,Institute: Viện Toán ứng dụng và Tin học,Khâu Minh Công
Tea2926,Tea2926,Institute: Viện Sư phạm Kỹ thuật,Phó Bỉ Hiện
Tea2925,Tea2925,Institute: Viện Ngoại ngữ,Lưu Thạch Thừa
Tea2924,Tea2924,Institute: Viện Khoa học và Kỹ thuật Vật liệu,Lã Vang My
Tea2923,Tea2923,Institute: Viện Kinh tế & Quản lý,Giả Hoàng Tuấn
Tea2922,Tea2922,Institute: Viện Điện tử - Viễn thông,Lư Hoan Thiện
Tea2921,Tea2921,Institute: Viện Điện,Ma Hạ Ly
Tea2920,Tea2920,Institute: Viện Kỹ thuật Hoá học,Danh Quý Nông
Tea2919,Tea2919,Institute: Viện Công nghệ Thông tin và Truyền thông,Khúc Quỷ Thành
Tea2918,Tea2918,Institute: Viện Dệt may - Da giầy và Thời trang,Đào Ninh Tướng
Tea2917,Tea2917,Institute: Viện cơ khí,Dư Hoài Từ
Tea2916,Tea2916,Institute: Viện Vật lý kỹ thuật,Uông Ngọc Điểm
Tea2915,Tea2915,Institute: Viện Khoa học và Công nghệ Nhiệt Lạnh,Hồng Ly Nam
Tea2914,Tea2914,Institute: Viện Khoa học và Công nghệ Môi trường,Bảo Kỳ Huynh
Tea2913,Tea2913,Institute: Viện Kỹ thuật Hạt nhân và Vật lý Môi trường,Đoàn Nguyễn Tiên
Tea2912,Tea2912,Institute: Viện Đào tạo liên tục,Khúc Nha Nhạn
Tea2911,Tea2911,Institute: Viện Công nghệ Sinh học và công nghệ Thực phẩm,Lâm Từ Uyển
Tea2910,Tea2910,Institute: Viện Cơ khí Động lực,Uông Khiếm Luyện
Tea2909,Tea2909,Institute: Viện Toán ứng dụng và Tin học,Khưu Chiểu Hường
Tea2908,Tea2908,Institute: Viện Sư phạm Kỹ thuật,Liễu Dưỡng Vang
Tea2907,Tea2907,Institute: Viện Ngoại ngữ,Liễu Hiên Thi
Tea2906,Tea2906,Institute: Viện Khoa học và Kỹ thuật Vật liệu,Lại Phi Bằng
Tea2905,Tea2905,Institute: Viện Kinh tế & Quản lý,Bá Nghi Chanh
Tea2904,Tea2904,Institute: Viện Điện tử - Viễn thông,Phí Trình Tá
Tea2903,Tea2903,Institute: Viện Điện,Nhiệm Thức Hiền
Tea2902,Tea2902,Institute: Viện Kỹ thuật Hoá học,Khổng Cửu Thiêm
Tea2901,Tea2901,Institute: Viện Công nghệ Thông tin và Truyền thông,Bàng Bách Trí
